"","Date","OnDeckBatter","OPS+","ROB","LI","Result"
"1","2023-03-30","Austin Hays",105,"1--","1.71","HR"
"2","2023-03-30","Freddie Freeman",156,"-23","1.8","SO"
"3","2023-03-30","Ji Hwan Bae",137,"---","0.54","Out"
"4","2023-03-30","Hunter Renfroe",124,"---","0.46","BB"
"5","2023-03-30","Taylor Ward",134,"--3","2.02","1B"
"6","2023-03-30","Brandon Nimmo",130,"---","0.31","Out"
"7","2023-03-30","Myles Straw",65,"---","0.97","Out"
"8","2023-03-31","Jake McCarthy",117,"1--","1.05","SO"
"9","2023-03-30","Alex Call",115,"1--","1.5","2B"
"10","2023-03-31","Luis Robert Jr.",110,"---","0.87","BB"
"11","2023-04-01","Jason Heyward",56,"---","0","SO"
"12","2023-04-01","Thairo Estrada",105,"123","2.6","SO"
"13","2023-04-01","Steven Kwan",124,"---","0.68","SO"
"14","2023-04-01","Juan Soto",147,"-2-","0.84","Out"
"15","2023-04-01","Keibert Ruiz",94,"---","0.35","BB"
"16","2023-04-01","Josh Jung",81,"---","0.64","BB"
"17","2023-04-02","Anthony Santander",120,"---","0.63","SO"
"18","2023-04-02","Matt Duffy",77,"---","1.35","Out"
"19","2023-04-02","Miguel Rojas",71,"1--","0.74","SO"
"20","2023-04-02","Xander Bogaerts",131,"---","0.22","Out"
"21","2023-04-02","Tony Kemp",90,"-2-","1.09","Out"
"22","2023-04-03","Adam Duvall",86,"-2-","1.22","HR"
"23","2023-04-02","Manuel Margot",104,"---","0.61","Out"
"24","2023-04-03","Wilmer Flores",101,"---","0.07","BB"
"25","2023-04-03","Jon Berti",88,"---","0.44","SO"
"26","2023-04-03","Bobby Witt Jr.",102,"---","0.46","Out"
"27","2023-04-03","Alejandro Kirk",127,"---","0.81","SO"
"28","2023-04-03","Bo Bichette",128,"12-","0.16","1B"
"29","2023-04-03","Shea Langeliers",99,"---","1.65","SO"
"30","2023-04-04","Canaan Smith-Njigba",138,"---","0.69","Out"
"31","2023-04-04","Rafael Devers",141,"---","0.87","1B"
"32","2023-04-04","Adam Duvall",86,"1-3","1.69","Out"
"33","2023-04-04","Jonathan India",94,"---","0.62","SO"
"34","2023-04-04","Eric Hosmer",107,"123","1.7","1B"
"35","2023-04-04","Jake Meyers",67,"1--","1.49","Out"
"36","2023-04-04","Tyler Stephenson",133,"---","0.41","SO"
"37","2023-04-04","Jake McCarthy",117,"---","0.13","SO"
"38","2023-04-04","Jorge Mateo",84,"-2-","0.54","Out"
"39","2023-04-04","Brandon Drury",123,"1-3","0.13","Out"
"40","2023-04-05","Ryan Jeffers",85,"---","1.73","SO"
"41","2023-04-05","Elvis Andrus",104,"---","0.01","Out"
"42","2023-04-05","Franmil Reyes",80,"1--","1","SO"
"43","2023-04-05","Kyle Farmer",92,"1--","1.03","SO"
"44","2023-04-05","Tony Kemp",90,"---","0.99","Out"
"45","2023-04-05","Michael Chavis",83,"-2-","1.66","1B"
"46","2023-04-05","Corey Seager",117,"1--","0.64","SO"
"47","2023-04-05","Austin Hays",105,"---","0.39","SO"
"48","2023-04-06","Andrew Vaughn",111,"---","0.11","Out"
"49","2023-04-06","Luis Robert Jr.",110,"-23","1.6","1B"
"50","2023-04-06","Spencer Torkelson",74,"12-","1.82","SO"
"51","2023-04-06","Whit Merrifield",90,"---","0.39","SO"
"52","2023-04-07","Kyle Tucker",129,"---","0.49","1B"
"53","2023-04-07","Dominic Smith",62,"---","0.14","BB"
"54","2023-04-07","Kyle Tucker",129,"1--","0.79","SO"
"55","2023-04-07","Jazz Chisholm Jr.",138,"---","0.4","1B"
"56","2023-04-07","Luis Robert Jr.",110,"---","0.74","1B"
"57","2023-04-07","Tyler Stephenson",133,"---","0.99","SO"
"58","2023-04-07","Brandon Nimmo",130,"---","0.6","1B"
"59","2023-04-08","DJ LeMahieu",110,"---","1.19","3B"
"60","2023-04-08","Jake Cronenworth",109,"1--","0.81","SO"
"61","2023-04-08","Kris Bryant",128,"---","0.86","2B"
"62","2023-04-08","Ji Hwan Bae",137,"-2-","1.5","Out"
"63","2023-04-08","Andrew Vaughn",111,"-2-","0.73","Out"
"64","2023-04-08","Willy Adames",110,"---","0.91","Out"
"65","2023-04-08","J.D. Davis",116,"---","0.16","1B"
"66","2023-04-09","José Herrera",32,"-23","1.82","1B"
"67","2023-04-09","Daulton Varsho",108,"1-3","2.12","1B"
"68","2023-04-09","Trent Grisham",81,"-2-","1.1","Out"
"69","2023-04-09","Josh Rojas",110,"--3","1.22","1B"
"70","2023-04-09","Brian Anderson",86,"---","0.67","SO"
"71","2023-04-09","Nick Fortes",95,"1--","0.09","Out"
"72","2023-04-09","Jurickson Profar",109,"---","0.62","Out"
"73","2023-04-09","Jarred Kelenic",55,"-2-","3.94","SO"
"74","2023-04-10","TJ Friedl",104,"1--","1.58","Out"
"75","2023-04-10","Lourdes Gurriel Jr.",114,"1--","1.08","BB"
"76","2023-04-10","Tony Kemp",90,"1--","1.94","Out"
"77","2023-04-10","TJ Friedl",104,"-2-","3.94","1B"
"78","2023-04-10","Andrew Vaughn",111,"---","1.14","1B"
"79","2023-04-10","Luis Robert Jr.",110,"1--","1.32","Out"
"80","2023-04-10","Austin Nola",90,"---","0.99","BB"
"81","2023-04-10","Salvador Pérez",110,"---","0.46","SO"
"82","2023-04-11","Hunter Renfroe",124,"1--","0.24","BB"
"83","2023-04-11","Christian Yelich",109,"-23","0.82","2B"
"84","2023-04-11","Garrett Cooper",112,"---","0.63","1B"
"85","2023-04-11","Aaron Hicks",85,"---","0.01","Out"
"86","2023-04-11","Manny Machado",157,"---","0.72","Out"
"87","2023-04-11","Ryan Mountcastle",108,"-23","1.66","IBB"
"88","2023-04-11","Freddie Freeman",156,"1--","1.51","BB"
"89","2023-04-12","Ketel Marte",105,"---","0.87","CatInt"
"90","2023-04-11","Hunter Dozier",91,"-2-","2.38","Out"
"91","2023-04-12","Jace Peterson",97,"1-3","0.13","1B"
"92","2023-04-12","Mike Moustakas",76,"---","0.38","SO"
"93","2023-04-12","Sean Murphy",122,"---","0.88","2B"
"94","2023-04-12","Christian Walker",125,"---","0.42","1B"
"95","2023-04-12","Ji Hwan Bae",137,"---","0.54","Out"
"96","2023-04-12","Wander Franco",116,"-2-","1.09","SO"
"97","2023-04-12","Kody Clemens",43,"---","1.17","Out"
"98","2023-04-13","Austin Hays",105,"---","0.41","SO"
"99","2023-04-13","Yu Chang",75,"---","0.42","SO"
"100","2023-04-13","Alec Bohm",101,"---","0.33","SO"
"101","2023-04-13","Xander Bogaerts",131,"---","1.53","Out"
"102","2023-04-14","Spencer Torkelson",74,"12-","0.44","Out"
"103","2023-04-14","Brandon Marsh",91,"-2-","1.07","BB"
"104","2023-04-14","Anthony Santander",120,"1--","1.15","Out"
"105","2023-04-14","J.D. Davis",116,"---","0.92","SO"
"106","2023-04-14","Edwin Ríos",117,"---","0.12","Out"
"107","2023-04-14","Sam Hilliard",48,"---","0.13","Out"
"108","2023-04-14","Christian Yelich",109,"---","0","Out"
"109","2023-04-14","Dansby Swanson",114,"---","0.5","Out"
"110","2023-04-15","Miguel Vargas",27,"12-","1.6","Out"
"111","2023-04-15","Bobby Witt Jr.",102,"-2-","0.11","Out"
"112","2023-04-15","Aaron Judge",210,"-2-","0.46","1B"
"113","2023-04-15","Spencer Torkelson",74,"---","0.75","HR"
"114","2023-04-15","Trevor Larnach",102,"---","0.4","SO"
"115","2023-04-15","Jason Heyward",56,"---","0.53","Out"
"116","2023-04-15","MJ Melendez",99,"---","0.92","Out"
"117","2023-04-15","Rowdy Tellez",113,"---","1.34","Out"
"118","2023-04-15","Steven Kwan",124,"1-3","1.94","FC"
"119","2023-04-15","Brent Rooker",11,"-2-","2.66","SO"
"120","2023-04-15","Jurickson Profar",109,"---","0.87","Out"
"121","2023-04-16","Sean Murphy",122,"---","0.4","1B"
"122","2023-04-16","Seby Zavala",108,"1--","2.05","SO"
"123","2023-04-16","Chris Taylor",89,"---","1.58","SO"
"124","2023-04-16","Franmil Reyes",80,"---","0.66","Out"
"125","2023-04-16","Bryan Reynolds",127,"12-","1.54","Out"
"126","2023-04-16","Juan Soto",147,"---","0.77","SO"
"127","2023-04-17","Gio Urshela",119,"---","0.64","SO"
"128","2023-04-17","Raimel Tapia",92,"---","1.57","BB"
"129","2023-04-17","Jeff McNeil",140,"---","0.32","SO"
"130","2023-04-17","Triston Casas",113,"---","1.77","Out"
"131","2023-04-17","Brendan Donovan",124,"---","0.3","HBP"
"132","2023-04-17","Nelson Cruz",89,"1--","1.2","Out"
"133","2023-04-17","Rowdy Tellez",113,"---","0.5","SO"
"134","2023-04-17","Alec Burleson",54,"---","1.15","1B"
"135","2023-04-18","Jack Suwinski",99,"---","0.83","Out"
"136","2023-04-18","Matt Chapman",116,"1-3","0.65","Out"
"137","2023-04-18","Ian Happ",117,"---","0.99","SO"
"138","2023-04-18","Travis Jankowski",33,"---","0.87","BB"
"139","2023-04-18","Ronald Acuna Jr.",112,"---","0.04","1B"
"140","2023-04-18","Vaughn Grissom",119,"---","0.68","Out"
"141","2023-04-18","Taylor Motter",-8,"-2-","1.08","BB"
"142","2023-04-18","Adley Rutschman",131,"---","0.72","SO"
"143","2023-04-19","Will Brennan",159,"-2-","0.72","SO"
"144","2023-04-18","Trea Turner",124,"1--","1.23","Out"
"145","2023-04-19","Christian Bethancourt",100,"---","0.07","BB"
"146","2023-04-19","Nick Maton",139,"---","0.72","SO"
"147","2023-04-19","Miguel Vargas",27,"---","0.79","2B"
"148","2023-04-19","Josh Jung",81,"---","0.39","Out"
"149","2023-04-19","Thairo Estrada",105,"--3","6.09","SO"
"150","2023-04-19","James McCann",55,"---","0.27","Out"
"151","2023-04-20","TJ Friedl",104,"---","0.66","1B"
"152","2023-04-20","Yonathan Daza",98,"12-","0.91","Out"
"153","2023-04-20","Jack Suwinski",99,"1--","0.3","SO"
"154","2023-04-21","Rodolfo Castro",103,"-23","1.52","1B"
"155","2023-04-21","Justin Turner",120,"---","0.62","SO"
"156","2023-04-21","Matt Vierling",84,"---","0.78","Out"
"157","2023-04-22","Trent Grisham",81,"---","0.39","SO"
"158","2023-04-22","Edward Olivares",110,"---","0.71","SO"
"159","2023-04-21","Luis Robert Jr.",110,"12-","1.7","1B"
"160","2023-04-22","Evan Longoria",116,"---","1.87","Out"
"161","2023-04-22","Tucupita Marcano",59,"---","0.38","Out"
"162","2023-04-22","Adam Frazier",80,"123","2.57","2B"
"163","2023-04-22","Santiago Espinal",99,"-2-","1.29","Out"
"164","2023-04-22","Shea Langeliers",99,"12-","1.45","Out"
"165","2023-04-22","Randy Arozarena",123,"---","0.8","SO"
"166","2023-04-22","Brad Miller",67,"-2-","0","1B"
"167","2023-04-22","Heliot Ramos",-16,"---","0.18","Out"
"168","2023-04-23","Sam Hilliard",48,"12-","3.56","Out"
"169","2023-04-23","Oscar González",125,"--3","0.97","2B"
"170","2023-04-23","Mike Trout",176,"1--","0.75","Out"
"171","2023-04-23","Aaron Judge",210,"---","0.19","Out"
"172","2023-04-23","Edmundo Sosa",82,"-2-","0.51","SO"
"173","2023-04-23","Christian Bethancourt",100,"---","0.15","Out"
"174","2023-04-23","Kolten Wong",116,"---","0.71","Out"
"175","2023-04-24","Pavin Smith",89,"1--","1.31","BB"
"176","2023-04-24","Brandon Drury",123,"---","0.39","Out"
"177","2023-04-24","Kevin Smith",51,"---","0.1","1B"
"178","2023-04-24","Jake Fraley",121,"--3","1.28","Out"
"179","2023-04-24","Yasmani Grandal",64,"---","1.23","Out"
"180","2023-04-24","Thairo Estrada",105,"-23","1.81","IBB"
"181","2023-04-24","Trevor Larnach",102,"-2-","0.15","SO"
"182","2023-04-24","Alejandro Kirk",127,"---","0.8","Out"
"183","2023-04-25","Kevin Pillar",-10,"---","0.05","SO"
"184","2023-04-25","Alek Thomas",75,"-2-","1.53","Out"
"185","2023-04-25","Eddie Rosario",62,"--3","0.22","Out"
"186","2023-04-25","Francisco Álvarez",121,"---","0.12","SO"
"187","2023-04-25","Tommy Edman",107,"1--","2.07","Out"
"188","2023-04-25","Brandon Nimmo",130,"---","0.34","SO"
"189","2023-04-25","David Hensley",192,"1--","1.44","Out"
"190","2023-04-26","Jon Berti",88,"123","1.18","SO"
"191","2023-04-26","Josh Bell",127,"1--","0.79","HR"
"192","2023-04-26","Esteury Ruiz",29,"---","0.85","Out"
"193","2023-04-26","Nick Maton",139,"1-3","1.59","SO"
"194","2023-04-26","Thairo Estrada",105,"-2-","1.53","1B"
"195","2023-04-26","LaMonte Wade Jr.",89,"123","3.43","Out"
"196","2023-04-26","Francisco Álvarez",121,"---","0.51","SO"
"197","2023-04-27","Luke Raley",73,"12-","1.67","SO"
"198","2023-04-27","Riley Greene",97,"---","0.87","1B"
"199","2023-04-27","Matt Carpenter",216,"1--","1.24","Out"
"200","2023-04-27","AJ Pollock",92,"---","0.51","Out"
"201","2023-04-27","Miguel Cabrera",80,"1--","1.86","BB"
"202","2023-04-28","Alan Trejo",96,"---","0.7","Out"
"203","2023-04-28","Jarren Duran",78,"1-3","3.39","Out"
"204","2023-04-28","Brandon Lowe",101,"---","0.58","Out"
"205","2023-04-28","Spencer Steer",74,"---","0.62","1B"
"206","2023-04-28","Vinnie Pasquantino",135,"1-3","1.87","Out"
"207","2023-04-28","Oswald Peraza",138,"1--","0.39","1B"
"208","2023-04-28","José Barrero",11,"12-","0.11","BB"
"209","2023-04-29","Jake Lamb",100,"-23","0.93","Out"
"210","2023-04-29","Shohei Ohtani",144,"1--","1.32","Out"
"211","2023-04-29","J.T. Realmuto",130,"---","0.67","SO"
"212","2023-04-29","Zack Short",-50,"12-","1.37","SO"
"213","2023-04-29","Riley Adams",59,"---","0.46","Out"
"214","2023-04-29","CJ Abrams",75,"---","0.75","SO"
"215","2023-04-29","Trent Grisham",81,"12-","1.05","Out"
"216","2023-04-30","Jake Meyers",67,"12-","1.21","SO"
"217","2023-04-30","Akil Baddoo",63,"---","0.71","2B"
"218","2023-04-30","Lourdes Gurriel Jr.",114,"1--","1.36","SO"
"219","2023-04-30","Jarren Duran",78,"---","1.17","1B"
"220","2023-04-30","Freddie Freeman",156,"---","0.54","Out"
"221","2023-04-30","Mike Yastrzemski",97,"-2-","0.65","1B"
"222","2023-04-30","Xander Bogaerts",131,"---","1.84","BB"
"223","2023-05-01","Mike Zunino",43,"123","5.93","SO"
"224","2023-04-30","Joey Meneses",164,"---","0.01","Out"
"225","2023-04-30","Vladimir Guerrero Jr.",133,"1--","0.39","1B"
"226","2023-04-30","Miguel Andújar",61,"---","0.08","2B"
"227","2023-05-01","Nico Hoerner",105,"---","0.06","Out"
"228","2023-05-02","Rowdy Tellez",113,"1--","1.13","SO"
"229","2023-05-01","Pete Alonso",146,"---","0.64","Out"
"230","2023-05-02","Jake Fraley",121,"-23","1.53","SO"
"231","2023-05-02","Miguel Rojas",71,"12-","0","1B"
"232","2023-05-02","Bryce Harper",146,"---","0.36","BB"
"233","2023-05-03","Jurickson Profar",109,"---","0.87","Out"
"234","2023-05-03","Byron Buxton",133,"---","0.41","Out"
"235","2023-05-02","Isaac Paredes",113,"---","0.49","HR"
"236","2023-05-03","Ryan Jeffers",85,"---","0.85","1B"
"237","2023-05-03","Oswaldo Cabrera",108,"--3","5.83","1B"
"238","2023-05-03","Ozzie Albies",93,"1--","0.21","1B"
"239","2023-05-03","Luis Arráez",128,"---","0.3","Out"
"240","2023-05-04","Brandon Belt",93,"1--","0.68","SO"
"241","2023-05-04","Ozzie Albies",93,"1--","0.79","2B"
"242","2023-05-04","C.J. Cron",108,"1--","1.82","BB"
"243","2023-05-04","Nick Pratto",84,"---","1.25","1B"
"244","2023-05-04","Hanser Alberto",73,"--3","3.4","IBB"
"245","2023-05-04","Kevin Pillar",-10,"---","0.7","Out"
"246","2023-05-04","Vladimir Guerrero Jr.",133,"---","0.38","Out"
"247","2023-05-04","Tommy Pham",89,"---","0.91","SO"
"248","2023-05-04","Willson Contreras",126,"---","0.72","Out"
"249","2023-05-04","Jeimer Candelario",81,"---","0.62","Out"
"250","2023-05-04","Luke Raley",73,"---","0.67","HR"
"251","2023-05-04","Jack Suwinski",99,"12-","1.27","2B"
"252","2023-05-05","Brent Rooker",11,"---","0.91","BB"
"253","2023-05-05","Tony Kemp",90,"123","2.38","Out"
"254","2023-05-05","Tyler Stephenson",133,"---","1.93","SO"
"255","2023-05-05","Ty France",125,"---","0.87","Out"
"256","2023-05-05","Willson Contreras",126,"---","3.52","2B"
"257","2023-05-05","Brian Anderson",86,"1--","2.9","SO"
"258","2023-05-06","Ryan McKenna",83,"---","2.93","SO"
"259","2023-05-06","Starling Marte",132,"1--","1.78","1B"
"260","2023-05-06","Christian Walker",125,"---","3.51","HR"
"261","2023-05-06","Yuli Gurriel",85,"---","0.48","1B"
"262","2023-05-06","Bryson Stott",85,"1--","0.76","Out"
"263","2023-05-06","Jarren Duran",78,"---","0.11","Out"
"264","2023-05-06","David Hensley",192,"-23","1.5","Out"
"265","2023-05-07","Gunnar Henderson",126,"---","1.17","Out"
"266","2023-05-07","Luis Rengifo",102,"---","0.52","1B"
"267","2023-05-07","Cedric Mullins",107,"---","1.88","Out"
"268","2023-05-07","Tucker Barnhart",61,"-2-","4.92","Out"
"269","2023-05-07","Trea Turner",124,"---","0.12","Out"
"270","2023-05-07","Vinnie Pasquantino",135,"---","0.4","1B"
"271","2023-05-07","Brent Rooker",11,"---","1.04","Out"
"272","2023-05-07","Jurickson Profar",109,"---","0.97","1B"
"273","2023-05-07","Mitch Haniger",114,"---","0.41","1B"
"274","2023-05-08","Wander Franco",116,"12-","1.78","BB"
"275","2023-05-08","Anthony Santander",120,"---","1.57","SO"
"276","2023-05-08","Adam Frazier",80,"--3","2.47","Out"
"277","2023-05-08","Josh Bell",127,"1-3","1.55","Out"
"278","2023-05-08","Hanser Alberto",73,"12-","1.49","Out"
"279","2023-05-08","Trey Mancini",103,"---","1.75","Out"
"280","2023-05-09","Kyle Stowers",106,"12-","0.85","Out"
"281","2023-05-09","Yuli Gurriel",85,"1--","0.27","Out"
"282","2023-05-09","Taylor Walls",62,"--3","1.64","BB"
"283","2023-05-09","Sean Murphy",122,"12-","0.74","Out"
"284","2023-05-09","Xander Bogaerts",131,"---","0.93","1B"
"285","2023-05-09","Maikel García",103,"---","0.78","Out"
"286","2023-05-09","Bryson Stott",85,"-23","0.21","Out"
"287","2023-05-09","Hanser Alberto",73,"---","0.24","Out"
"288","2023-05-09","Jurickson Profar",109,"---","0.17","Out"
"289","2023-05-10","Jacob Stallings",67,"---","1.16","2B"
"290","2023-05-10","Jon Berti",88,"---","0.93","Out"
"291","2023-05-10","David Hensley",192,"---","0.25","1B"
"292","2023-05-10","Brett Baty",67,"1--","0.91","BB"
"293","2023-05-10","Willson Contreras",126,"---","0.12","Out"
"294","2023-05-10","Miguel Cabrera",80,"---","0.03","Out"
"295","2023-05-10","Freddie Freeman",156,"---","0.87","Out"
"296","2023-05-11","MJ Melendez",99,"---","0.47","Out"
"297","2023-05-11","Gabriel Moreno",112,"1--","1.29","1B"
"298","2023-05-11","Francisco Lindor",125,"-2-","0.51","SO"
"299","2023-05-11","Edward Olivares",110,"---","1.4","SO"
"300","2023-05-11","Jordan Diaz",83,"1--","1.23","Out"
"301","2023-05-11","Alex Kirilloff",86,"---","0.72","Out"
"302","2023-05-12","Jean Segura",105,"1--","1.58","2B"
"303","2023-05-12","Miguel Rojas",71,"--3","1.37","SO"
"304","2023-05-13","Joey Bart",87,"---","0.95","1B"
"305","2023-05-13","Pavin Smith",89,"1--","1.94","Out"
"306","2023-05-12","JJ Bleday",66,"--3","3.38","1B"
"307","2023-05-13","Manny Machado",157,"---","0.87","Out"
"308","2023-05-13","J.P. Crawford",100,"---","0.26","Out"
"309","2023-05-13","Rafael Devers",141,"-23","1.81","2B"
"310","2023-05-13","Isaac Paredes",113,"---","0.93","1B"
"311","2023-05-13","Nick Madrigal",66,"---","1.03","1B"
"312","2023-05-13","Aaron Judge",210,"---","0.39","Out"
"313","2023-05-13","Jorge Polanco",115,"123","0.01","1B"
"314","2023-05-14","Yordan Álvarez",188,"---","0.37","Out"
"315","2023-05-14","Nick Maton",139,"--3","1.6","SO"
"316","2023-05-14","Brendan Donovan",124,"-2-","1.14","BB"
"317","2023-05-14","Jack Suwinski",99,"1-3","1.63","Out"
"318","2023-05-14","Nathaniel Lowe",139,"---","0.48","2B"
"319","2023-05-14","Christian Yelich",109,"1--","1.58","BB"
"320","2023-05-14","Orlando Arcia",102,"--3","1.27","1B"
"321","2023-05-15","Jorge Polanco",115,"---","0.93","1B"
"322","2023-05-14","CJ Abrams",75,"---","0.61","SO"
"323","2023-05-15","Trevor Larnach",102,"---","0.57","1B"
"324","2023-05-15","Paul Goldschmidt",177,"---","0.87","BB"
"325","2023-05-15","Thairo Estrada",105,"---","0.23","Out"
"326","2023-05-15","Jake Cronenworth",109,"12-","1.69","1B"
"327","2023-05-16","Pablo Reyes",67,"---","0.04","1B"
"328","2023-05-16","Jason Delay",53,"---","0.42","SO"
"329","2023-05-15","Francisco Lindor",125,"-2-","0.25","SO"
"330","2023-05-16","Pete Alonso",146,"---","0.25","1B"
"331","2023-05-16","Francisco Lindor",125,"---","0.17","SO"
"332","2023-05-16","Nick Castellanos",96,"---","1.53","SO"
"333","2023-05-16","DJ LeMahieu",110,"---","0.37","Out"
"334","2023-05-17","Will Brennan",159,"-23","2.22","Out"
"335","2023-05-16","Kevin Pillar",-10,"---","0.61","Out"
"336","2023-05-17","Tim Anderson",109,"-2-","0.25","RoE"
"337","2023-05-17","Connor Joe",89,"-2-","0.01","Out"
"338","2023-05-17","Brent Rooker",11,"---","1.2","Out"
"339","2023-05-17","Jorge Polanco",115,"1--","0.79","Out"
"340","2023-05-17","Jean Segura",105,"-2-","0.76","SO"
"341","2023-05-17","Alejandro Kirk",127,"-2-","2.59","RoE"
"342","2023-05-17","Ozzie Albies",93,"---","0.52","SO"
"343","2023-05-17","Víctor Caratini",82,"1--","1.27","Out"
"344","2023-05-17","Santiago Espinal",99,"1--","1.8","BB"
"345","2023-05-18","Amed Rosario",106,"-23","1.37","Out"
"346","2023-05-19","Jarred Kelenic",55,"---","1.72","2B"
"347","2023-05-18","Christian Bethancourt",100,"---","0.42","SO"
"348","2023-05-19","José Altuve",161,"12-","0.63","BB"
"349","2023-05-19","Josh Bell",127,"---","0.44","1B"
"350","2023-05-19","Brent Rooker",11,"---","0.33","BB"
"351","2023-05-19","Ryan Mountcastle",108,"---","0.34","BB"
"352","2023-05-20","Gio Urshela",119,"---","0.61","SO"
"353","2023-05-20","Brandon Drury",123,"1--","0.72","Out"
"354","2023-05-19","Josh Jung",81,"---","0.06","SO"
"355","2023-05-20","JJ Bleday",66,"1--","1.03","Out"
"356","2023-05-20","Tony Kemp",90,"---","1.27","SO"
"357","2023-05-20","Marcell Ozuna",88,"1--","0.59","BB"
"358","2023-05-20","Wander Franco",116,"---","0.18","1B"
"359","2023-05-20","Tommy Edman",107,"---","0.82","Out"
"360","2023-05-20","Connor Wong",63,"---","0.28","2B"
"361","2023-05-20","Thairo Estrada",105,"---","1.32","SO"
"362","2023-05-21","Tom Murphy",164,"---","0.92","Out"
"363","2023-05-21","Kyle Farmer",92,"---","0.66","SO"
"364","2023-05-21","Spencer Steer",74,"---","0.41","Out"
"365","2023-05-21","Jackie Bradley Jr.",58,"---","1.35","BB"
"366","2023-05-21","Bo Bichette",128,"12-","1.47","1B"
"367","2023-05-21","Willson Contreras",126,"---","0.62","SO"
"368","2023-05-21","Adley Rutschman",131,"-2-","1.49","1B"
"369","2023-05-22","Andrew Knizner",74,"---","1.05","Out"
"370","2023-05-22","Gabriel Arias",87,"---","0.61","Out"
"371","2023-05-22","Robbie Grossman",78,"---","0.79","Out"
"372","2023-05-22","Carlos Santana",100,"1--","0.81","Out"
"373","2023-05-23","Luis Arráez",128,"---","0.64","HR"
"374","2023-05-23","Tyler Stephenson",133,"---","1.12","Out"
"375","2023-05-23","Jarren Duran",78,"---","0.5","Out"
"376","2023-05-23","Edward Olivares",110,"12-","1.61","SO"
"377","2023-05-23","Ketel Marte",105,"123","2.82","Out"
"378","2023-05-23","Jonah Heim",96,"1-3","1.6","SO"
"379","2023-05-24","Luke Maile",82,"---","0.26","Out"
"380","2023-05-23","Keibert Ruiz",94,"12-","1.77","Out"
"381","2023-05-23","George Springer",132,"---","0.39","SO"
"382","2023-05-23","Jeimer Candelario",81,"---","0.64","1B"
"383","2023-05-24","Jonathan Davis",69,"--3","0.51","Out"
"384","2023-05-24","Gabriel Arias",87,"1--","0.64","Out"
"385","2023-05-24","DJ LeMahieu",110,"123","3.04","1B"
"386","2023-05-24","Riley Greene",97,"1--","0.48","1B"
"387","2023-05-25","Mark Canha",122,"---","0.28","BB"
"388","2023-05-24","Luke Raley",73,"---","0.15","Out"
"389","2023-05-24","José Siri",75,"---","0.61","SO"
"390","2023-05-25","Austin Riley",140,"---","1.52","Out"
"391","2023-05-25","Ty France",125,"---","0.64","Out"
"392","2023-05-25","Luis Robert Jr.",110,"---","0.62","Out"
"393","2023-05-26","Trey Mancini",103,"1--","0.8","Out"
"394","2023-05-26","Anthony Santander",120,"---","0.62","HR"
"395","2023-05-26","Eddie Rosario",62,"-2-","1.54","1B"
"396","2023-05-26","Amed Rosario",106,"1--","1.31","Out"
"397","2023-05-26","Jeimer Candelario",81,"1--","0.47","Out"
"398","2023-05-26","Pete Alonso",146,"12-","1.83","FC"
"399","2023-05-26","Christian Yelich",109,"---","0.11","Out"
"400","2023-05-26","Pete Alonso",146,"---","0.15","Out"
"401","2023-05-26","Cal Raleigh",122,"---","0.92","Out"
"402","2023-05-27","Mickey Moniak",42,"---","1.35","HBP"
"403","2023-05-26","DJ LeMahieu",110,"---","0.33","1B"
"404","2023-05-26","Taylor Trammell",99,"1--","0.38","Out"
"405","2023-05-27","Nick Maton",139,"-2-","1.14","Out"
"406","2023-05-27","Nick Pratto",84,"--3","1.22","Out"
"407","2023-05-27","Ryan Jeffers",85,"---","0.07","1B"
"408","2023-05-27","Ty France",125,"---","0.18","Out"
"409","2023-05-27","Ji Hwan Bae",137,"---","0.54","SO"
"410","2023-05-28","Dansby Swanson",114,"1--","0.73","Out"
"411","2023-05-28","TJ Friedl",104,"---","0.15","SO"
"412","2023-05-28","Isiah Kiner-Falefa",84,"---","0.07","Out"
"413","2023-05-28","Anthony Rizzo",130,"---","0.65","HR"
"414","2023-05-28","Maikel García",103,"---","0.92","Out"
"415","2023-05-29","Christian Bethancourt",100,"---","0.99","HBP"
"416","2023-05-28","Freddie Freeman",156,"---","1.22","Out"
"417","2023-05-29","Eric Haase",112,"---","0.78","Out"
"418","2023-05-29","J.D. Davis",116,"-2-","0.65","HR"
"419","2023-05-29","CJ Abrams",75,"---","0.12","Out"
"420","2023-05-29","Ty France",125,"12-","1.05","Out"
"421","2023-05-30","Amed Rosario",106,"---","0.87","Out"
"422","2023-05-30","Carlos Correa",138,"---","0.65","1B"
"423","2023-05-30","Hunter Renfroe",124,"---","1.08","HR"
"424","2023-05-30","Yordan Álvarez",188,"---","0.33","BB"
"425","2023-05-30","Michael Harris II",133,"---","1.36","SO"
"426","2023-05-30","J.D. Davis",116,"---","0.72","BB"
"427","2023-05-31","Elehuris Montero",85,"---","0.81","Out"
"428","2023-05-30","Vinnie Pasquantino",135,"---","1.04","Out"
"429","2023-05-31","Manuel Margot",104,"1-3","1.94","Out"
"430","2023-05-31","Clint Frazier",86,"---","0","HR"
"431","2023-05-31","J.P. Crawford",100,"---","1.8","Out"
"432","2023-05-31","Jace Peterson",97,"---","1.5","Out"
"433","2023-05-31","Chris Owings",19,"--3","0.86","SO"
"434","2023-06-01","Jarren Duran",78,"1-3","0.62","FC"
"435","2023-06-01","Kody Clemens",43,"---","1.34","SO"
"436","2023-06-01","Jake McCarthy",117,"1--","0.9","Out"
"437","2023-06-01","Xander Bogaerts",131,"-2-","1.47","HBP"
"438","2023-06-02","Nick Ahmed",95,"---","0.78","Out"
"439","2023-06-01","Rowdy Tellez",113,"---","0.25","Out"
"440","2023-06-01","Tyler Heineman",56,"12-","0.89","SO"
"441","2023-06-02","Harold Castro",95,"1--","2.81","SO"
"442","2023-06-02","Willson Contreras",126,"1--","0.51","HR"
"443","2023-06-02","Seiya Suzuki",113,"---","0.5","SO"
"444","2023-06-02","Jeff McNeil",140,"---","1.15","SO"
"445","2023-06-02","J.P. Crawford",100,"---","0.46","HBP"
"446","2023-06-03","Jonathan India",94,"1--","0.42","1B"
"447","2023-06-03","Pavin Smith",89,"1--","1.22","Out"
"448","2023-06-03","Eric Haase",112,"---","0.66","SO"
"449","2023-06-03","Tim Anderson",109,"---","1.32","Out"
"450","2023-06-03","Mitch Haniger",114,"-23","1.93","Out"
"451","2023-06-03","Nick Allen",61,"123","0.09","Out"
"452","2023-06-03","Jonathan Davis",69,"1--","1.22","2B"
"453","2023-06-03","Jorge Soler",95,"-2-","0.86","1B"
"454","2023-06-03","Lane Thomas",102,"1--","1.39","BB"
"455","2023-06-04","Jake Fraley",121,"---","0.25","Out"
"456","2023-06-04","Michael A. Taylor",90,"---","0.72","Out"
"457","2023-06-04","Mike Moustakas",76,"1--","0.91","SO"
"458","2023-06-04","Harold Castro",95,"1--","2.88","SO"
"459","2023-06-05","Alex Verdugo",102,"---","0.48","1B"
"460","2023-06-04","Cal Raleigh",122,"---","0.4","SO"
"461","2023-06-04","Ha-Seong Kim",105,"1--","0.33","Out"
"462","2023-06-05","Akil Baddoo",63,"1--","0.69","FC"
"463","2023-06-05","Kyle Tucker",129,"---","0.13","SO"
"464","2023-06-05","Bryan De La Cruz",102,"-2-","1.15","1B"
"465","2023-06-06","Stuart Fairchild",118,"1-3","1.47","Out"
"466","2023-06-06","Edward Olivares",110,"---","0.87","SO"
"467","2023-06-06","Jeff McNeil",140,"1--","0.92","HR"
"468","2023-06-06","Alec Burleson",54,"---","0.66","HR"
"469","2023-06-06","Jake Cronenworth",109,"1--","1.16","BB"
"470","2023-06-06","Austin Hedges",42,"1--","1.57","1B"
"471","2023-06-07","Miles Mastrobuoni",26,"1--","1.5","Out"
"472","2023-06-07","Jurickson Profar",109,"123","1.99","2B"
"473","2023-06-07","Brett Baty",67,"-2-","1.3","HR"
"474","2023-06-07","Will Brennan",159,"---","0.22","SO"
"475","2023-06-07","Bryan Reynolds",127,"12-","0.99","Out"
"476","2023-06-07","Brandon Belt",93,"---","1.19","1B"
"477","2023-06-07","Brendan Donovan",124,"1--","1.02","SO"
"478","2023-06-08","Brett Baty",67,"1--","1.12","BB"
"479","2023-06-07","Jake McCarthy",117,"---","0.9","Out"
"480","2023-06-08","Michael Harris II",133,"---","1.14","Out"
"481","2023-06-08","Jurickson Profar",109,"---","0.35","Out"
"482","2023-06-08","Manuel Margot",104,"---","0.41","Out"
"483","2023-06-08","Whit Merrifield",90,"-23","2.66","1B"
"484","2023-06-09","Luis Rengifo",102,"1--","0.81","Out"
"485","2023-06-09","Eddie Rosario",62,"-2-","1.15","BB"
"486","2023-06-09","Andrew Benintendi",120,"-2-","1.07","1B"
"487","2023-06-09","Corbin Carroll",132,"123","1.86","BB"
"488","2023-06-09","Mike Zunino",43,"12-","2.56","Out"
"489","2023-06-09","Charlie Blackmon",96,"-2-","0.64","1B"
"490","2023-06-09","Tommy Edman",107,"1--","0.17","Out"
"491","2023-06-09","Anthony Rizzo",130,"1--","1.42","SO"
"492","2023-06-09","Jack Suwinski",99,"---","0","HR"
"493","2023-06-09","Mark Vientos",58,"-2-","1.19","BB"
"494","2023-06-09","George Springer",132,"---","2.25","HBP"
"495","2023-06-10","Anthony Santander",120,"---","0.62","BB"
"496","2023-06-10","Lourdes Gurriel Jr.",114,"---","0.62","Out"
"497","2023-06-10","Rafael Devers",141,"1--","1.16","Out"
"498","2023-06-10","Shea Langeliers",99,"1-3","2.44","Out"
"499","2023-06-10","Pavin Smith",89,"---","0.69","Out"
"500","2023-06-11","Alex Call",115,"---","0.23","Out"
"501","2023-06-10","Ryan Jeffers",85,"---","0.42","SO"
"502","2023-06-10","Travis Jankowski",33,"---","0.19","SO"
"503","2023-06-10","Bo Bichette",128,"---","0.8","Out"
"504","2023-06-11","Mark Vientos",58,"12-","1.69","Out"
"505","2023-06-11","Brent Rooker",11,"12-","2.41","HR"
"506","2023-06-12","Justin Turner",120,"1--","1.38","1B"
"507","2023-06-12","Sean Murphy",122,"1--","1.15","Out"
"508","2023-06-11","Vladimir Guerrero Jr.",133,"1--","1.24","SO"
"509","2023-06-12","Ezequiel Duran",81,"12-","1.99","SO"
"510","2023-06-12","Will Benson",33,"1-3","2.72","SO"
"511","2023-06-12","Austin Riley",140,"1--","0.25","1B"
"512","2023-06-12","Ronald Acuna Jr.",112,"---","0.25","HR"
"513","2023-06-13","Nolan Jones",96,"--3","2.53","Out"
"514","2023-06-13","Gunnar Henderson",126,"1--","0.05","Out"
"515","2023-06-13","Triston Casas",113,"---","1.56","2B"
"516","2023-06-13","Paul Goldschmidt",177,"---","0.15","Out"
"517","2023-06-13","Josh Bell",127,"1--","1.17","1B"
"518","2023-06-13","Thairo Estrada",105,"---","0.03","SO"
"519","2023-06-14","Yan Gomes",72,"---","0.97","Out"
"520","2023-06-14","Nolan Jones",96,"-2-","1.94","Out"
"521","2023-06-14","Emmanuel Rivera",97,"---","1.41","2B"
"522","2023-06-14","Lane Thomas",102,"--3","0.89","Out"
"523","2023-06-14","Yasmani Grandal",64,"---","0.72","Out"
"524","2023-06-14","Kevin Newman",95,"-2-","0.98","Out"
"525","2023-06-14","J.D. Martinez",117,"1-3","1.11","BB"
"526","2023-06-15","Pavin Smith",89,"1--","2.18","Out"
"527","2023-06-15","Jurickson Profar",109,"---","0.47","BB"
"528","2023-06-14","Michael Harris II",133,"-2-","0.2","Out"
"529","2023-06-15","Spencer Torkelson",74,"---","1.13","SO"
"530","2023-06-15","Tucker Barnhart",61,"1--","0.84","1B"
"531","2023-06-15","Yasmani Grandal",64,"---","1.02","Out"
"532","2023-06-15","Jake Burger",113,"---","0.38","HR"
"533","2023-06-16","Triston Casas",113,"1--","0.03","Out"
"534","2023-06-16","Nick Madrigal",66,"1--","0.48","BB"
"535","2023-06-16","Connor Wong",63,"12-","1.4","Out"
"536","2023-06-16","Will Smith",124,"1--","1.3","Out"
"537","2023-06-16","Joc Pederson",146,"---","0.39","1B"
"538","2023-06-16","Nolan Arenado",151,"---","0.16","SO"
"539","2023-06-16","Spencer Torkelson",74,"---","0.21","Out"
"540","2023-06-17","Ezequiel Tovar",58,"-23","0.13","SO"
"541","2023-06-17","TJ Friedl",104,"--3","1.45","Out"
"542","2023-06-16","Alejandro Kirk",127,"---","0.81","RoE"
"543","2023-06-17","Cody Bellinger",81,"---","0.44","BB"
"544","2023-06-17","Manny Machado",157,"---","0.72","SO"
"545","2023-06-17","Drew Waters",124,"1--","0.31","BB"
"546","2023-06-17","Daniel Vogelbach",126,"1--","1.63","Out"
"547","2023-06-17","Kevin Kiermaier",88,"---","1.27","Out"
"548","2023-06-18","Myles Straw",65,"1--","1.1","SO"
"549","2023-06-17","Nathaniel Lowe",139,"---","0.46","Out"
"550","2023-06-18","Ronald Acuna Jr.",112,"---","0","1B"
"551","2023-06-18","Joshua Palacios",45,"---","0.7","Out"
"552","2023-06-18","Will Smith",124,"---","0.89","2B"
"553","2023-06-18","Will Smith",124,"---","0.28","SO"
"554","2023-06-18","Giancarlo Stanton",112,"---","0.15","Out"
"555","2023-06-18","Wander Franco",116,"1--","1.39","Out"
"556","2023-06-18","Billy McKinney",-2,"---","0.79","BB"
"557","2023-06-18","Tony Kemp",90,"---","0.93","1B"
"558","2023-06-19","Ketel Marte",105,"1--","0.11","BB"
"559","2023-06-19","Alex Verdugo",102,"-23","2.02","2B"
"560","2023-06-19","Ryan McMahon",98,"---","1.25","1B"
"561","2023-06-20","Jake Fraley",121,"---","0.49","HR"
"562","2023-06-19","Willson Contreras",126,"---","0.88","Out"
"563","2023-06-20","Hunter Renfroe",124,"---","0.53","1B"
"564","2023-06-20","Tyler Freeman",76,"-2-","2.58","IBB"
"565","2023-06-20","TJ Friedl",104,"---","0.1","Out"
"566","2023-06-20","Amed Rosario",106,"---","0.97","Out"
"567","2023-06-20","Rafael Devers",141,"---","0.35","HBP"
"568","2023-06-20","Trent Grisham",81,"---","0.52","1B"
"569","2023-06-21","Chad Wallach",38,"---","1.35","SO"
"570","2023-06-20","Ha-Seong Kim",105,"1--","1.41","Out"
"571","2023-06-20","Ronald Acuna Jr.",112,"---","0.57","1B"
"572","2023-06-21","Alex Kirilloff",86,"---","0.99","2B"
"573","2023-06-21","Nolan Gorman",104,"12-","3.35","Out"
"574","2023-06-21","Rodolfo Castro",103,"12-","1.12","BB"
"575","2023-06-21","Wander Franco",116,"12-","0.07","1B"
"576","2023-06-22","Jace Peterson",97,"---","1.04","SO"
"577","2023-06-21","Justin Turner",120,"---","0.73","Out"
"578","2023-06-22","Justin Turner",120,"---","0.06","SO"
"579","2023-06-22","Bryce Harper",146,"1--","1.15","Out"
"580","2023-06-22","Kyle Higashioka",83,"1--","0.01","Out"
"581","2023-06-23","Ryan McKenna",83,"---","0.12","Out"
"582","2023-06-23","Connor Wong",63,"---","0.5","SO"
"583","2023-06-23","Tim Anderson",109,"1--","1.37","Out"
"584","2023-06-23","Keibert Ruiz",94,"---","0.51","2B"
"585","2023-06-23","Corey Seager",117,"---","0.87","Out"
"586","2023-06-23","Taylor Walls",62,"---","1.07","Out"
"587","2023-06-23","Freddie Freeman",156,"-2-","1.15","Out"
"588","2023-06-24","Spencer Steer",74,"---","0.55","BB"
"589","2023-06-24","Eddie Rosario",62,"---","0.3","Out"
"590","2023-06-24","David Fletcher",76,"1--","0","HR"
"591","2023-06-24","Tommy Pham",89,"1--","1.05","Out"
"592","2023-06-24","Jack Suwinski",99,"---","0.62","BB"
"593","2023-06-24","J.D. Martinez",117,"1--","3.06","BB"
"594","2023-06-24","Jorge Soler",95,"1--","1.85","HR"
"595","2023-06-24","Dansby Swanson",114,"--3","0.03","SO"
"596","2023-06-25","Rowdy Tellez",113,"-2-","1.17","Out"
"597","2023-06-25","Hunter Renfroe",124,"1-3","2.44","Out"
"598","2023-06-25","Royce Lewis",143,"12-","4.46","Out"
"599","2023-06-25","Nolan Jones",96,"---","0.86","BB"
"600","2023-06-25","Lars Nootbaar",124,"12-","2.28","1B"
"601","2023-06-25","Cavan Biggio",93,"---","0.15","Out"
"602","2023-06-25","Nick Pratto",84,"---","0.72","SO"
"603","2023-06-26","Matt Vierling",84,"---","0.99","Out"
"604","2023-06-27","Ozzie Albies",93,"---","0.27","HR"
"605","2023-06-26","J.P. Crawford",100,"1--","0.9","Out"
"606","2023-06-27","Joey Gallo",79,"---","0.15","1B"
"607","2023-06-27","MJ Melendez",99,"---","0.62","Out"
"608","2023-06-27","Ryan McMahon",98,"---","0.58","Out"
"609","2023-06-27","Ian Happ",117,"12-","1.64","SO"
"610","2023-06-27","Andrew McCutchen",97,"1--","0.08","Out"
"611","2023-06-27","Xander Bogaerts",131,"1--","1.6","Out"
"612","2023-06-27","Yainer Diaz",36,"1--","1.05","Out"
"613","2023-06-27","Corey Seager",117,"---","1.05","Out"
"614","2023-06-28","Edward Olivares",110,"---","0.77","Out"
"615","2023-06-28","Nick Castellanos",96,"1--","0.65","1B"
"616","2023-06-28","Ezequiel Tovar",58,"---","0.49","Out"
"617","2023-06-28","Myles Straw",65,"---","0","Out"
"618","2023-06-28","Carlos Santana",100,"---","0.4","1B"
"619","2023-06-28","Harrison Bader",85,"---","0.03","BB"
"620","2023-06-28","Rowdy Tellez",113,"---","0.87","1B"
"621","2023-06-29","Luke Raley",73,"---","0.11","Out"
"622","2023-06-29","Andrew Vaughn",111,"123","2.62","1B"
"623","2023-06-29","C.J. Cron",108,"-23","1.66","1B"
"624","2023-06-29","Kody Clemens",43,"---","0.39","Out"
"625","2023-06-29","J.D. Davis",116,"1--","1.15","BB"
"626","2023-06-29","Thairo Estrada",105,"---","0.87","SO"
"627","2023-06-29","Joc Pederson",146,"---","0.62","HBP"
"628","2023-06-30","Carlos Correa",138,"---","0.02","SO"
"629","2023-06-30","Garrett Cooper",112,"---","0","Out"
"630","2023-06-30","Alex Kirilloff",86,"---","0.01","2B"
"631","2023-06-21","Alex Kirilloff",86,"---","0.99","2B"
"632","2023-06-21","Nolan Gorman",104,"12-","3.35","Out"
"633","2023-06-21","Rodolfo Castro",103,"12-","1.12","BB"
"634","2023-06-21","Wander Franco",116,"12-","0.07","1B"
"635","2023-06-22","Jace Peterson",97,"---","1.04","SO"
"636","2023-06-21","Justin Turner",120,"---","0.73","Out"
"637","2023-06-22","Justin Turner",120,"---","0.06","SO"
"638","2023-06-22","Bryce Harper",146,"1--","1.15","Out"
"639","2023-06-22","Kyle Higashioka",83,"1--","0.01","Out"
"640","2023-06-23","Ryan McKenna",83,"---","0.12","Out"
"641","2023-06-23","Connor Wong",63,"---","0.5","SO"
"642","2023-06-23","Tim Anderson",109,"1--","1.37","Out"
"643","2023-06-23","Keibert Ruiz",94,"---","0.51","2B"
"644","2023-06-23","Corey Seager",117,"---","0.87","Out"
"645","2023-06-23","Taylor Walls",62,"---","1.07","Out"
"646","2023-06-23","Freddie Freeman",156,"-2-","1.15","Out"
"647","2023-06-24","Spencer Steer",74,"---","0.55","BB"
"648","2023-06-24","Eddie Rosario",62,"---","0.3","Out"
"649","2023-06-24","David Fletcher",76,"1--","0","HR"
"650","2023-06-24","Tommy Pham",89,"1--","1.05","Out"
"651","2023-06-24","Jack Suwinski",99,"---","0.62","BB"
"652","2023-06-24","J.D. Martinez",117,"1--","3.06","BB"
"653","2023-06-24","Jorge Soler",95,"1--","1.85","HR"
"654","2023-06-24","Dansby Swanson",114,"--3","0.03","SO"
"655","2023-06-25","Rowdy Tellez",113,"-2-","1.17","Out"
"656","2023-06-25","Hunter Renfroe",124,"1-3","2.44","Out"
"657","2023-06-25","Royce Lewis",143,"12-","4.46","Out"
"658","2023-06-25","Nolan Jones",96,"---","0.86","BB"
"659","2023-06-25","Lars Nootbaar",124,"12-","2.28","1B"
"660","2023-06-25","Cavan Biggio",93,"---","0.15","Out"
"661","2023-06-25","Nick Pratto",84,"---","0.72","SO"
"662","2023-06-26","Matt Vierling",84,"---","0.99","Out"
"663","2023-06-27","Ozzie Albies",93,"---","0.27","HR"
"664","2023-06-26","J.P. Crawford",100,"1--","0.9","Out"
"665","2023-06-27","Joey Gallo",79,"---","0.15","1B"
"666","2023-06-27","MJ Melendez",99,"---","0.62","Out"
"667","2023-06-27","Ryan McMahon",98,"---","0.58","Out"
"668","2023-06-27","Ian Happ",117,"12-","1.64","SO"
"669","2023-06-27","Andrew McCutchen",97,"1--","0.08","Out"
"670","2023-06-27","Xander Bogaerts",131,"1--","1.6","Out"
"671","2023-06-27","Yainer Diaz",36,"1--","1.05","Out"
"672","2023-06-27","Corey Seager",117,"---","1.05","Out"
"673","2023-06-28","Edward Olivares",110,"---","0.77","Out"
"674","2023-06-28","Nick Castellanos",96,"1--","0.65","1B"
"675","2023-06-28","Ezequiel Tovar",58,"---","0.49","Out"
"676","2023-06-28","Myles Straw",65,"---","0","Out"
"677","2023-06-28","Carlos Santana",100,"---","0.4","1B"
"678","2023-06-28","Harrison Bader",85,"---","0.03","BB"
"679","2023-06-28","Rowdy Tellez",113,"---","0.87","1B"
"680","2023-06-29","Luke Raley",73,"---","0.11","Out"
"681","2023-06-29","Andrew Vaughn",111,"123","2.62","1B"
"682","2023-06-29","C.J. Cron",108,"-23","1.66","1B"
"683","2023-06-29","Kody Clemens",43,"---","0.39","Out"
"684","2023-06-29","J.D. Davis",116,"1--","1.15","BB"
"685","2023-06-29","Thairo Estrada",105,"---","0.87","SO"
"686","2023-06-29","Joc Pederson",146,"---","0.62","HBP"
"687","2023-06-30","Carlos Correa",138,"---","0.02","SO"
"688","2023-06-30","Garrett Cooper",112,"---","0","Out"
"689","2023-06-30","Alex Kirilloff",86,"---","0.01","2B"
"690","2023-06-30","Keibert Ruiz",94,"---","0.49","Out"
"691","2023-06-30","Alex Bregman",134,"---","0.72","SO"
"692","2023-06-30","Yasmani Grandal",64,"---","0.32","2B"
"693","2023-07-01","Trent Grisham",81,"---","0.24","HBP"
"694","2023-07-01","Will Brennan",159,"---","0.04","SO"
"695","2023-07-01","Joey Wendle",85,"---","0.28","Out"
"696","2023-07-01","C.J. Cron",108,"-2-","1.26","Out"
"697","2023-07-01","Ezequiel Duran",81,"---","0.67","2B"
"698","2023-07-01","James Outman",289,"---","1.24","Out"
"699","2023-07-01","Ty France",125,"---","0.28","Out"
"700","2023-07-01","Raimel Tapia",92,"---","0.08","2B"
"701","2023-07-01","DJ LeMahieu",110,"---","1","Out"
"702","2023-07-01","Alec Burleson",54,"12-","2.93","Out"
"703","2023-07-02","Evan Longoria",116,"---","0.87","SO"
"704","2023-07-01","Jarren Duran",78,"---","0.13","2B"
"705","2023-07-02","Wilmer Flores",101,"---","0.87","BB"
"706","2023-07-02","Josh Bell",127,"---","0.72","RoE"
"707","2023-07-03","Ronald Acuna Jr.",112,"---","0.35","HR"
"708","2023-07-02","Manuel Margot",104,"1--","2.04","Out"
"709","2023-07-02","Rafael Devers",141,"-2-","1.63","Out"
"710","2023-07-02","Stone Garrett",135,"---","0.92","1B"
"711","2023-07-03","Bryan De La Cruz",102,"---","0.41","Out"
"712","2023-07-03","Víctor Caratini",82,"-2-","2.24","BB"
"713","2023-07-04","Marcell Ozuna",88,"---","1.32","Out"
"714","2023-07-04","Raimel Tapia",92,"1--","2.65","Out"
"715","2023-07-04","Jack Suwinski",99,"---","0.43","SO"
"716","2023-07-04","Seiya Suzuki",113,"1--","0.79","Out"
"717","2023-07-04","Jake Meyers",67,"1--","0.79","Out"
"718","2023-07-04","Nick Pratto",84,"1--","1.21","HR"
"719","2023-07-04","Austin Riley",140,"---","2.87","HR"
"720","2023-07-04","Dylan Carlson",99,"---","0.26","HBP"
"721","2023-07-04","Manny Machado",157,"--3","1.39","SO"
"722","2023-07-04","Jarred Kelenic",55,"1-3","0.9","1B"
"723","2023-07-04","Eduardo Escobar",106,"1--","0.04","3B"
"724","2023-07-05","Michael Harris II",133,"---","0.24","1B"
"725","2023-07-05","Esteury Ruiz",29,"---","0.26","Out"
"726","2023-07-05","JJ Bleday",66,"---","0.35","HR"
"727","2023-07-05","Dominic Smith",62,"-23","0.59","Out"
"728","2023-07-05","Kyle Isbel",70,"---","0.62","SO"
"729","2023-07-06","Jonah Heim",96,"1--","1.11","2B"
"730","2023-07-06","Chas McCormick",111,"---","0.65","Out"
"731","2023-07-06","Jordan Diaz",83,"---","0.92","SO"
"732","2023-07-06","Jose Trevino",89,"---","0.02","Out"
"733","2023-07-06","Nico Hoerner",105,"---","1.73","Out"
"734","2023-07-06","Bryson Stott",85,"12-","1.62","SO"
"735","2023-07-07","Christian Walker",125,"-2-","0.25","BB"
"736","2023-07-07","Jace Peterson",97,"---","0.2","SO"
"737","2023-07-07","Ty France",125,"---","0.01","Out"
"738","2023-07-07","Bo Bichette",128,"12-","0.19","Out"
"739","2023-03-30","Alex Verdugo",102,"---","1","BB"
"740","2023-03-30","Yasmani Grandal",64,"---","0.98","Out"
"741","2023-03-30","Miguel Rojas",71,"---","1.05","BB"
"742","2023-07-08","Paul Goldschmidt",177,"1--","0.6","Out"
"743","2023-07-08","Lourdes Gurriel Jr.",114,"12-","2.96","Out"
"744","2023-07-08","Gabriel Moreno",112,"---","0.87","Out"
"745","2023-07-08","David Fletcher",76,"---","0.02","2B"
"746","2023-07-08","Jurickson Profar",109,"---","0.42","HR"
"747","2023-07-08","Matt Thaiss",83,"1--","0.22","SO"
"748","2023-07-08","Ronald Acuna Jr.",112,"---","0.14","SO"
"749","2023-07-09","Corbin Carroll",132,"1--","1.41","SO"
"750","2023-07-09","Elvis Andrus",104,"---","0.64","SO"
"751","2023-07-09","Christian Walker",125,"--3","4.07","Out"
"752","2023-07-09","Trea Turner",124,"1--","1.29","SO"
"753","2023-07-09","Brian Anderson",86,"1--","1.12","SO"
"754","2023-07-09","Byron Buxton",133,"---","0","HR"
"755","2023-07-09","Robbie Grossman",78,"12-","2.74","Out"
"756","2023-07-14","Cody Bellinger",81,"---","0.74","Out"
"757","2023-07-09","Lane Thomas",102,"1--","1.11","1B"
"758","2023-07-14","Christian Yelich",109,"---","0.73","BB"
"759","2023-07-14","Trea Turner",124,"---","0.88","2B"
"760","2023-07-14","Randal Grichuk",93,"-2-","1.08","SO"
"761","2023-07-14","Carlos Correa",138,"-23","2.48","Out"
"762","2023-07-15","Joey Wendle",85,"---","0.49","3B"
"763","2023-07-15","Taylor Ward",134,"---","0.97","HR"
"764","2023-07-15","Patrick Wisdom",100,"1--","1.56","HBP"
"765","2023-07-15","Gleyber Torres",113,"---","0.17","Out"
"766","2023-07-15","Anthony Rizzo",130,"1-3","1.41","HR"
"767","2023-07-15","Ian Happ",117,"---","0.02","SO"
"768","2023-07-15","Vladimir Guerrero Jr.",133,"---","0.4","BB"
"769","2023-07-15","Dominic Smith",62,"-2-","0.53","Out"
"770","2023-07-15","Trent Grisham",81,"--3","1.6","SO"
"771","2023-07-15","Salvador Pérez",110,"---","0.95","SO"
"772","2023-07-16","Tyler Stephenson",133,"1--","0.84","1B"
"773","2023-07-16","James McCann",55,"12-","0.86","HBP"
"774","2023-07-16","Nick Senzel",66,"12-","1.62","Out"
"775","2023-07-16","Brandon Crawford",86,"1--","1.06","SO"
"776","2023-07-16","Tucupita Marcano",59,"---","0.46","Out"
"777","2023-07-16","Maikel García",103,"1--","0.79","2B"
"778","2023-07-16","Ty France",125,"---","0.41","HR"
"779","2023-07-16","Emmanuel Rivera",97,"12-","3.8","SO"
"780","2023-07-16","Travis Jankowski",33,"---","1.91","Out"
"781","2023-07-17","Mickey Moniak",42,"1-3","2.39","IBB"
"782","2023-07-16","George Springer",132,"---","1.17","1B"
"783","2023-07-17","Bo Naylor",-100,"123","0","1B"
"784","2023-07-17","Robbie Grossman",78,"---","0.54","Out"
"785","2023-07-17","Justin Turner",120,"---","0.05","SO"
"786","2023-07-17","MJ Melendez",99,"---","1.07","Out"
"787","2023-07-18","Chas McCormick",111,"-2-","1.05","SO"
"788","2023-07-18","Gunnar Henderson",126,"---","0.75","Out"
"789","2023-07-18","Yainer Diaz",36,"---","2.18","SO"
"790","2023-07-18","Lars Nootbaar",124,"---","1.82","SO"
"791","2023-07-18","DJ Stewart",-100,"---","0.12","SO"
"792","2023-07-18","Alec Burleson",54,"---","0.92","SO"
"793","2023-07-18","Raimel Tapia",92,"-2-","4.04","SO"
"794","2023-07-19","Franchy Cordero",92,"---","0.27","SO"
"795","2023-07-18","Leody Taveras",92,"12-","1.72","Out"
"796","2023-07-19","Gunnar Henderson",126,"1--","0.33","Out"
"797","2023-07-19","J.P. Crawford",100,"---","0.49","Out"
"798","2023-07-19","Luis Guillorme",101,"-2-","0.12","Out"
"799","2023-07-19","Tyler Freeman",76,"1-3","2.16","1B"
"800","2023-07-19","Jake Meyers",67,"1--","0.87","Out"
"801","2023-07-19","Robbie Grossman",78,"---","0.77","1B"
"802","2023-07-19","Juan Soto",147,"---","0.45","2B"
"803","2023-07-20","Edward Olivares",110,"---","0.8","2B"
"804","2023-07-20","Lourdes Gurriel Jr.",114,"1--","2.2","1B"
"805","2023-07-20","Austin Hays",105,"---","2.32","Out"
"806","2023-07-20","Jake Burger",113,"1--","0.92","Out"
"807","2023-07-21","Joey Votto",89,"1--","1.54","Out"
"808","2023-07-21","Manny Machado",157,"---","0.35","SO"
"809","2023-07-21","Ezequiel Tovar",58,"---","0.69","1B"
"810","2023-07-21","Carlos Correa",138,"---","0.07","Out"
"811","2023-07-21","Marcus Semien",106,"---","1.08","Out"
"812","2023-07-21","Michael Massey",93,"---","1.46","Out"
"813","2023-07-21","Danny Jansen",142,"---","0.96","1B"
"814","2023-07-22","Josh Bell",127,"---","0.92","SO"
"815","2023-07-22","Ian Happ",117,"---","0.75","1B"
"816","2023-07-22","Christian Walker",125,"---","1.02","Out"
"817","2023-07-22","Michael Harris II",133,"---","0.49","Out"
"818","2023-07-22","Garrett Cooper",112,"---","0.63","SO"
"819","2023-07-22","Dylan Moore",122,"---","0.17","SO"
"820","2023-07-22","Sean Murphy",122,"1--","0.65","SO"
"821","2023-07-22","LaMonte Wade Jr.",89,"---","0.04","Out"
"822","2023-07-23","Trey Mancini",103,"12-","0.61","2B"
"823","2023-07-22","Jeimer Candelario",81,"1--","0.01","SO"
"824","2023-07-23","Víctor Caratini",82,"---","0.99","Out"
"825","2023-07-23","DJ LeMahieu",110,"---","0.22","HR"
"826","2023-07-23","Bryson Stott",85,"-23","2.58","SO"
"827","2023-07-23","Tom Murphy",164,"1--","2.11","1B"
"828","2023-07-24","MJ Melendez",99,"---","0.1","Out"
"829","2023-07-23","Dominic Smith",62,"--3","1","2B"
"830","2023-07-24","Dylan Moore",122,"---","0.43","2B"
"831","2023-07-24","Liover Peguero",144,"1--","0.86","Out"
"832","2023-07-24","Adam Frazier",80,"---","0.49","SO"
"833","2023-07-24","Alan Trejo",96,"---","0.42","SO"
"834","2023-07-25","Owen Miller",89,"---","0.92","1B"
"835","2023-07-25","Chas McCormick",111,"---","0.39","1B"
"836","2023-07-25","Will Smith",124,"---","1.05","BB"
"837","2023-07-25","JJ Bleday",66,"-2-","3.01","Out"
"838","2023-07-25","Jake Cronenworth",109,"-2-","0.28","HR"
"839","2023-07-25","Alan Trejo",96,"---","0.22","Out"
"840","2023-07-25","Lane Thomas",102,"---","0.87","Out"
"841","2023-07-26","Kolten Wong",116,"---","0.92","SO"
"842","2023-07-26","Nathaniel Lowe",139,"12-","0.38","1B"
"843","2023-07-26","Trevor Larnach",102,"---","2.49","Out"
"844","2023-07-27","Ian Happ",117,"---","0.62","Out"
"845","2023-07-27","Yasmani Grandal",64,"1--","1.48","1B"
"846","2023-07-27","Alex Call",115,"---","0.87","Out"
"847","2023-07-26","Mike Yastrzemski",97,"---","0.63","SO"
"848","2023-07-28","Giancarlo Stanton",112,"1--","1.26","Out"
"849","2023-07-28","Harrison Bader",85,"1--","2.05","BB"
"850","2023-07-27","Spencer Torkelson",74,"---","0.2","Out"
"851","2023-07-28","Ildemaro Vargas",97,"---","0.92","HR"
"852","2023-07-28","Bryan De La Cruz",102,"---","0.46","1B"
"853","2023-07-28","José Altuve",161,"---","0.52","1B"
"854","2023-07-29","Carlos Santana",100,"1-3","0.02","HR"
"855","2023-07-28","Justin Turner",120,"---","0.67","Out"
"856","2023-07-28","Jake Cronenworth",109,"-2-","1","Out"
"857","2023-07-28","Yu Chang",75,"-2-","1.08","SO"
"945","2023-07-29","Manny Machado",157,"-2-",".29","Out"
"946","2023-07-29","Paul DeJong",52,"---",".39","SO"
"947","2023-07-29","Luis Rengifo",102,"12-","1.73","BB"
"948","2023-07-29","Justin Turner",120,"---",".46","SO"
"949","2023-07-29","Shohei Ohtani",144,"---",".17","1B"
"950","2023-07-29","Alec Burleson",54,"---",".46","Out"
"952","2023-07-29","Alex Call",115,"12-",".81","2B"
"953","2023-07-30","Ryan McKenna",83,"---",".02","SO"
"954","2023-07-30","Nicky Lopez",58,"12-","1.57","1B"
"955","2023-07-30","Steven Kwan",124,"---",".38","Out"
"956","2023-07-30","Michael Massey",93,"---",".92","Out"
"957","2023-07-30","Cody Bellinger",81,"---",".62","Out"
"958","2023-07-30","Luis Arráez",128,"---",".30","Out"
"959","2023-07-30","Nick Fortes",95,"1--","1.37","1B"
"960","2023-07-30","Paul Goldschmidt",177,"12-","1.33","Out"
"961","2023-07-31","Jake Cave",82,"---","1.34","Out"
"963","2023-07-31","Garrett Cooper",112,"---",".99","BB"
"964","2023-07-31","Xander Bogaerts",131,"1--","2.88","BB"
"965","2023-07-31","Santiago Espinal",99,"12-","4.69","Out"
"966","2023-07-31","Christian Bethancourt",100,"---",".14","Out"
"967","2023-07-31","Alejandro Kirk",127,"---",".97","Out"
"969","2023-08-01","Luis Campusano",71,"---",".44","1B"
"970","2023-08-01","Elehuris Montero",85,"-2-","2.55","Out"
"972","2023-08-01","Freddie Freeman",156,"---",".48","SO"
"973","2023-08-01","Jorge Polanco",115,"---",".50","Out"
"974","2023-08-01","Ketel Marte",105,"---","2.88","1B"
"975","2023-08-01","Ryan Mountcastle",108,"1--",".09","BB"
"976","2023-08-01","Ryan Mountcastle",108,"--3","1.07","1B"
"977","2023-08-02","Manny Machado",157,"---",".59","Out"
"979","2023-08-02","Nick Castellanos",96,"12-","1.48","SO"
"980","2023-08-02","Max Muncy",100,"12-","1.50","Out"
"981","2023-08-02","Travis Jankowski",33,"123",".25","Out"
"982","2023-08-02","Bryan Reynolds",127,"---",".92","Out"
"984","2023-08-02","Tim Anderson",109,"---",".39","SO"
"985","2023-08-03","Michael Massey",93,"--3","1.31","2B"
"987","2023-08-02","Gunnar Henderson",126,"1--","1.15","Out"
"988","2023-08-03","Chris Taylor",89,"--3",".31","1B"
"990","2023-08-04","Brandon Drury",123,"---",".36","SO"
"991","2023-08-04","Brandon Drury",123,"---","1.17","Out"
"993","2023-08-04","DJ Stewart",-100,"---",".01","SO"
"994","2023-08-04","Matt Chapman",116,"1--",".23","Out"
"995","2023-08-04","Rafael Devers",141,"---",".80","Out"
"996","2023-08-04","Brett Baty",67,"---",".35","Out"
"997","2023-08-04","Edward Olivares",110,"---",".46","Out"
"998","2023-08-04","Bryce Harper",146,"---",".72","2B"
"999","2023-08-04","Josh Jung",81,"---",".99","Out"
"1000","2023-08-04","Bobby Witt Jr.",102,"-2-",".96","Out"
"1001","2023-08-05","Justin Turner",120,"---",".63","Out"
"1002","2023-08-05","Will Brennan",159,"---","1.01","SO"
"1003","2023-08-05","Yasmani Grandal",64,"---",".42","Out"
"1004","2023-08-05","Riley Adams",59,"-2-",".37","Out"
"1005","2023-08-05","Seth Brown",117,"---",".77","Out"
"1006","2023-08-05","Willson Contreras",126,"1--","1.13","1B"
"1008","2023-08-05","Willy Adames",110,"---","1.57","Out"
"1009","2023-08-06","Cavan Biggio",93,"-23",".00","BB"
"1010","2023-08-06","Shohei Ohtani",144,"---",".92","SO"
"1012","2023-08-06","Triston Casas",113,"-2-",".07","Out"
"1013","2023-08-06","Oscar González",125,"---",".80","Out"
"1014","2023-08-06","Willy Adames",110,"---",".81","SO"
"1017","2023-08-07","Shohei Ohtani",144,"--3","2.58","1B"
"1018","2023-08-07","Thairo Estrada",105,"---",".73","SO"
"1019","2023-08-06","Jake Cronenworth",109,"---",".15","SO"
"1020","2023-08-07","Mark Mathias",130,"---",".96","Out"
"1021","2023-08-07","Shea Langeliers",99,"---",".42","SO"
"1022","2023-08-07","Kyle Farmer",92,"---",".10","Out"
"1023","2023-08-07","Sean Murphy",122,"-2-",".67","1B"
"1025","2023-08-07","Xander Bogaerts",131,"---",".04","SO"
"1026","2023-08-08","Bryan De La Cruz",102,"---",".73","Out"
"1027","2023-08-08","Adley Rutschman",131,"1--",".61","Out"
"1028","2023-08-08","Michael Massey",93,"---",".63","1B"
"1029","2023-08-08","Austin Riley",140,"---","1.05","SO"
"1030","2023-08-08","Brian Anderson",86,"---",".99","Out"
"1031","2023-08-08","Nico Hoerner",105,"---",".57","SO"
"1032","2023-08-08","Nick Allen",61,"1--",".84","Out"
"1033","2023-08-08","Alex Call",115,"12-","2.92","Out"
"1034","2023-08-08","Ji Man Choi",113,"-2-","2.00","Out"
"1035","2023-08-08","Alec Burleson",54,"---",".82","Out"
"1036","2023-08-09","Brandon Drury",123,"-2-","2.07","IBB"
"1037","2023-08-09","Riley Greene",97,"1--","1.33","SO"
"1038","2023-08-09","Mark Vientos",58,"---",".78","SO"
"1040","2023-08-09","Jazz Chisholm Jr.",138,"---","1.08","HR"
"1041","2023-08-09","Orlando Arcia",102,"---",".75","SO"
"1042","2023-08-10","Gunnar Henderson",126,"-2-","1.05","1B"
"1045","2023-08-10","Kerry Carpenter",125,"---",".92","Out"
"1046","2023-08-10","Ronald Acuna Jr.",112,"---",".91","Out"
"1047","2023-08-10","Nolan Gorman",104,"---",".34","Out"
"1048","2023-08-10","Joey Gallo",79,"---","1.25","Out"
"1049","2023-08-11","Nolan Arenado",151,"-2-",".37","BB"
"1050","2023-08-11","Harrison Bader",85,"---",".52","Out"
"1051","2023-08-11","Mike Moustakas",76,"1--",".71","SO"
"1053","2023-08-11","Nick Castellanos",96,"---",".40","Out"
"1054","2023-08-11","Trea Turner",124,"1--",".00","Out"
"1055","2023-08-11","J.T. Realmuto",130,"-2-","1.39","2B"
"1057","2023-08-11","Stone Garrett",135,"1--","1.73","Out"
"1058","2023-08-12","Brendan Rodgers",97,"---",".80","Out"
"1059","2023-08-12","Eric Haase",112,"---",".07","Out"
"1060","2023-08-12","C.J. Cron",108,"---",".51","RoE"
"1061","2023-08-12","Cedric Mullins",107,"---","1.08","Out"
"1062","2023-08-12","Matt Chapman",116,"---",".64","SO"
"1063","2023-08-12","Heliot Ramos",-16,"1--","1.37","BB"
"1065","2023-08-12","Orlando Arcia",102,"123","3.06","Out"
"1066","2023-08-12","Jeff McNeil",140,"---","1.57","SO"
"1068","2023-08-12","Eddie Rosario",62,"---",".00","SO"
"1072","2023-08-13","Gleyber Torres",113,"---",".63","BB"
"1073","2023-08-13","Spencer Steer",74,"---","1.48","SO"
"1075","2023-08-13","Seiya Suzuki",113,"---",".22","1B"
"1076","2023-08-14","Michael Harris II",133,"-2-","1.04","BB"
"1077","2023-08-14","Jack Suwinski",99,"-2-","1.44","2B"
"1079","2023-08-14","Nick Allen",61,"1--","1.71","Out"
"1080","2023-08-14","Liover Peguero",144,"---",".27","Out"
"1081","2023-08-15","Dansby Swanson",114,"1--",".97","BB"
"1082","2023-08-15","Elehuris Montero",85,"---",".99","Out"
"1083","2023-08-15","Seiya Suzuki",113,"---",".86","SO"
"1085","2023-08-15","Jake Burger",113,"---","1.87","SO"
"1086","2023-08-15","Travis Jankowski",33,"12-","1.72","Out"
"1087","2023-08-15","Joshua Palacios",45,"---",".57","SO"
"1089","2023-08-16","Jurickson Profar",109,"1--","1.91","1B"
"1090","2023-08-15","Cavan Biggio",93,"123","4.62","Out"
"1091","2023-08-16","Brendan Rodgers",97,"---","2.52","SO"
"1093","2023-08-16","Rafael Ortega",93,"---",".12","Out"
"1095","2023-08-16","Jon Berti",88,"12-","1.82","1B"
"1096","2023-08-16","Josh Lowe",82,"12-","1.92","1B"
"1097","2023-08-16","Joey Meneses",164,"---",".62","Out"
"1098","2023-08-17","David Peralta",108,"1--","1.30","SO"
"1099","2023-08-16","Alejandro Kirk",127,"---",".15","Out"
"1100","2023-08-16","Kyle Schwarber",131,"---",".13","Out"
"1101","2023-08-18","Andrew Vaughn",111,"---",".59","SO"
"1102","2023-08-18","TJ Friedl",104,"---",".59","Out"
"1104","2023-08-17","DJ Stewart",-100,"---",".35","Out"
"1106","2023-08-18","Jeff McNeil",140,"1--",".72","Out"
"1107","2023-08-18","Joey Wendle",85,"---",".02","Out"
"1109","2023-08-18","Zack Short",-50,"-2-","1.25","Out"
"1110","2023-08-18","Jeff McNeil",140,"1-3",".78","1B"
"1111","2023-08-18","Corey Seager",117,"1--","2.09","Out"
"1112","2023-08-19","Eddie Rosario",62,"---","1.30","1B"
"1113","2023-08-19","Elvis Andrus",104,"---",".67","SO"
"1114","2023-08-19","Sam Haggerty",116,"---",".00","SO"
"1115","2023-08-19","Ji Hwan Bae",137,"1--",".95","BB"
"1116","2023-08-19","Whit Merrifield",90,"12-","1.98","1B"
"1117","2023-08-19","J.T. Realmuto",130,"1--","1.76","SO"
"1118","2023-08-19","Mark Canha",122,"---",".99","HR"
"1120","2023-08-19","Nathaniel Lowe",139,"---",".64","1B"
"1122","2023-08-20","Bo Bichette",128,"---",".28","Out"
"1123","2023-08-19","Corbin Carroll",132,"-2-",".37","SO"
"1124","2023-08-19","Xander Bogaerts",131,"1--",".79","Out"
"1125","2023-08-20","Elehuris Montero",85,"---",".27","Out"
"1126","2023-08-20","Riley Greene",97,"-2-",".51","SO"
"1127","2023-08-20","Reese McGuire",90,"---","1.19","SO"
"1128","2023-08-20","Bryan Reynolds",127,"---","1.36","Out"
"1130","2023-08-20","Brandon Marsh",91,"---",".25","BB"
"1131","2023-08-20","Joey Meneses",164,"---",".16","SO"
"1132","2023-08-21","J.P. Crawford",100,"---",".00","1B"
"1133","2023-08-21","Kyle Tucker",129,"1--","1.42","BB"
"1134","2023-08-21","Nolan Arenado",151,"---",".43","Out"
"1136","2023-08-22","Geraldo Perdomo",57,"--3","1.22","1B"
"1137","2023-08-22","Matt Vierling",84,"---",".55","HBP"
"1138","2023-08-22","Andrew Benintendi",120,"---",".72","Out"
"1139","2023-08-22","Jeimer Candelario",81,"1--","1.15","Out"
"1140","2023-08-22","Brandon Belt",93,"---",".87","Out"
"1141","2023-08-22","Jordan Luplow",79,"1--","1.26","Out"
"1142","2023-08-22","Matt Wallner",103,"---",".62","Out"
"1143","2023-08-22","Brent Rooker",11,"-2-","1.07","SO"
"1145","2023-08-23","Ty France",125,"-2-","1.11","1B"
"1148","2023-08-23","Myles Straw",65,"1--",".80","SO"
"1149","2023-08-23","Willson Contreras",126,"1--","1.05","BB"
"1150","2023-08-23","Nolan Jones",96,"---",".81","Out"
"1151","2023-08-23","Aaron Judge",210,"---",".87","Out"
"1152","2023-08-23","Christian Yelich",109,"---",".38","2B"
"1153","2023-08-23","Randal Grichuk",93,"1--",".95","1B"
"1154","2023-08-23","Will Benson",33,"1--",".22","Out"
"1156","2023-08-23","Hunter Renfroe",124,"1--",".96","Out"
"1160","2023-08-24","Pablo Reyes",67,"-2-",".00","Out"
"1161","2023-08-25","José Altuve",161,"1--",".89","SO"
"1162","2023-08-25","Jonah Bride",65,"-2-",".16","SO"
"1164","2023-08-25","José Altuve",161,"1--","1.22","SO"
"1165","2023-08-25","Thairo Estrada",105,"1--",".78","1B"
"1166","2023-08-25","Josh Rojas",110,"---",".99","Out"
"1167","2023-08-25","Brandon Nimmo",130,"---","1.35","SO"
"1168","2023-08-25","Alec Bohm",101,"---",".97","Out"
"1169","2023-08-26","Nick Allen",61,"1-3",".39","1B"
"1172","2023-08-26","Jacob Stallings",67,"12-","1.71","Out"
"1173","2023-08-26","Carlos Correa",138,"---",".40","1B"
"1174","2023-08-26","Cal Raleigh",122,"-2-","1.13","BB"
"1175","2023-08-26","Manny Machado",157,"---",".40","BB"
"1176","2023-08-26","Bobby Witt Jr.",102,"-2-",".00","2B"
"1177","2023-08-26","Harrison Bader",85,"---",".35","SO"
"1178","2023-08-27","Justin Turner",120,"---",".87","Out"
"1180","2023-08-27","Austin Wynns",91,"---",".60","Out"
"1181","2023-08-27","Cody Bellinger",81,"-2-","1.18","Out"
"1182","2023-08-27","Ryan Jeffers",85,"---",".71","SO"
"1183","2023-08-27","Carlos Correa",138,"1--","2.94","1B"
"1184","2023-08-27","Marcus Semien",106,"---",".13","Out"
"1186","2023-08-27","Ronald Acuna Jr.",112,"---",".42","SO"
"1187","2023-08-28","José Altuve",161,"1--",".99","SO"
"1188","2023-08-28","Triston Casas",113,"1--",".38","Out"
"1189","2023-08-28","Mark Canha",122,"-2-",".33","SO"
"1190","2023-08-28","Michael Harris II",133,"1--",".17","SO"
"1191","2023-08-28","DJ Stewart",-100,"---",".67","Out"
"1192","2023-08-28","Mookie Betts",140,"---",".31","Out"
"1193","2023-08-28","Willson Contreras",126,"12-","1.89","Out"
"1194","2023-08-28","Heliot Ramos",-16,"-23","1.04","Out"
"1197","2023-08-29","DJ LeMahieu",110,"---",".35","Out"
"1198","2023-08-29","William Contreras",136,"---",".87","BB"
"1199","2023-08-29","Josh Lowe",82,"---",".09","Out"
"1203","2023-08-29","Spencer Steer",74,"1--",".07","Out"
"1204","2023-08-29","Royce Lewis",143,"1--","1.66","1B"
"1205","2023-08-30","Zach McKinstry",76,"---",".57","1B"
"1206","2023-08-30","Tim Anderson",109,"12-",".21","Out"
"1207","2023-08-30","James McCann",55,"---",".18","BB"
"1208","2023-08-30","MJ Melendez",99,"1--","1.86","Out"
"1209","2023-08-30","Spencer Steer",74,"1--","1.11","Out"
"1212","2023-08-30","Nick Fortes",95,"---",".99","Out"
"1213","2023-09-01","Nick Ahmed",95,"---",".78","SO"
"1214","2023-08-31","Jason Heyward",56,"---",".22","SO"
"1215","2023-09-01","Cedric Mullins",107,"1--",".72","SO"
"1217","2023-09-01","Ketel Marte",105,"---",".22","Out"
"1218","2023-09-01","Aaron Judge",210,"-2-",".74","Out"
"1219","2023-09-01","Zach McKinstry",76,"---",".42","Out"
"1220","2023-09-01","Luke Raley",73,"1--",".92","Out"
"1221","2023-09-01","Carlos Santana",100,"---",".30","SO"
"1223","2023-09-01","Miguel Andújar",61,"1--","3.43","BB"
"1224","2023-09-01","Josh Rojas",110,"1--","1.62","Out"
"1225","2023-09-02","Jeimer Candelario",81,"1--",".94","FC"
"1226","2023-09-01","Jake Fraley",121,"---","2.50","Out"
"1228","2023-09-02","Cody Bellinger",81,"---","1.08","Out"
"1230","2023-09-02","MJ Melendez",99,"---",".59","Out"
"1232","2023-09-02","Daniel Vogelbach",126,"1--","1.48","SO"
"1233","2023-09-02","Paul DeJong",52,"---",".42","1B"
"1234","2023-09-02","Matt Wallner",103,"1--","1.42","SO"
"1235","2023-09-02","Juan Soto",147,"---",".32","Out"
"1237","2023-09-03","Alejandro Kirk",127,"--3","1.33","SO"
"1239","2023-09-03","Adam Duvall",86,"1--","1.74","2B"
"1240","2023-09-03","Nolan Jones",96,"---","1.27","SO"
"1242","2023-09-03","Francisco Álvarez",121,"1--","1.04","Out"
"1243","2023-09-03","Alec Burleson",54,"123","1.98","Out"
"1244","2023-09-03","Mitch Garver",98,"---","1.17","SO"
"1246","2023-09-04","Hunter Renfroe",124,"1--",".23","Out"
"1248","2023-09-04","Ty France",125,"---",".27","Out"
"1249","2023-09-04","Alex Bregman",134,"---",".41","BB"
"1250","2023-09-04","Willy Adames",110,"---",".58","Out"
"1251","2023-09-04","Liover Peguero",144,"---",".40","Out"
"1252","2023-09-05","Gunnar Henderson",126,"-2-","2.21","SO"
"1253","2023-09-05","Freddie Freeman",156,"---",".87","Out"
"1254","2023-09-05","Seiya Suzuki",113,"---",".15","1B"
"1255","2023-09-05","Chris Taylor",89,"---",".72","1B"
"1258","2023-09-05","Akil Baddoo",63,"1--","2.06","SO"
"1259","2023-09-05","Travis Blankenhorn",-100,"---",".87","SO"
"1260","2023-09-05","José Altuve",161,"---",".56","SO"
"1262","2023-09-06","Dansby Swanson",114,"12-","1.85","SO"
"1264","2023-09-06","Eddie Rosario",62,"---",".66","BB"
"1266","2023-09-06","Josh Bell",127,"---",".62","Out"
"1268","2023-09-06","Jason Delay",53,"---","1.52","Out"
"1269","2023-09-07","Matt Vierling",84,"---",".87","1B"
"1270","2023-09-06","Robbie Grossman",78,"1--",".34","Out"
"1271","2023-09-06","Alex Bregman",134,"1--",".12","Out"
"1272","2023-09-07","Miguel Rojas",71,"-2-",".09","Out"
"1274","2023-09-07","Luke Raley",73,"---","1.25","Out"
"1275","2023-09-08","Alek Thomas",75,"---","1.17","SO"
"1279","2023-09-08","Willy Adames",110,"1-3",".10","SO"
"1280","2023-09-08","Yordan Álvarez",188,"---",".62","2B"
"1281","2023-09-09","Steven Kwan",124,"1--",".85","Out"
"1282","2023-09-08","Leody Taveras",92,"---","1.11","Out"
"1283","2023-09-08","Taylor Walls",62,"---",".11","Out"
"1284","2023-09-08","Bobby Witt Jr.",102,"---",".89","SO"
"1287","2023-09-09","Juan Soto",147,"---",".70","Out"
"1289","2023-09-09","Luis Arráez",128,"---",".62","Out"
"1290","2023-09-09","Kolten Wong",116,"---","1.19","Out"
"1291","2023-09-09","Taylor Walls",62,"---","1.80","Out"
"1292","2023-09-09","Robbie Grossman",78,"---","1.17","Out"
"1293","2023-09-10","José Altuve",161,"1--",".00","SO"
"1294","2023-09-10","Marcell Ozuna",88,"-23","2.54","Out"
"1296","2023-09-10","DJ Stewart",-100,"12-","3.69","SO"
"1297","2023-09-10","Ryan McMahon",98,"---",".93","Out"
"1298","2023-09-10","Edmundo Sosa",82,"---",".46","Out"
"1300","2023-09-10","Isiah Kiner-Falefa",84,"-2-","3.26","HR"
"1301","2023-09-11","J.D. Martinez",117,"---",".41","Out"
"1303","2023-09-11","Miguel Rojas",71,"---",".21","Out"
"1305","2023-09-11","Connor Joe",89,"--3","1.47","1B"
"1307","2023-09-11","DJ Stewart",-100,"---",".85","BB"
"1309","2023-09-11","Kyle Schwarber",131,"---",".19","SO"
"1311","2023-09-12","James Outman",289,"1-3",".66","Out"
"1312","2023-09-12","Joey Votto",89,"---",".35","Out"
"1314","2023-09-12","Isaac Paredes",113,"-2-","1.56","1B"
"1315","2023-09-12","Kevin Kiermaier",88,"-2-","1.21","BB"
"1316","2023-09-12","Edmundo Sosa",82,"-23","2.38","Out"
"1317","2023-09-12","Travis Jankowski",33,"1-3",".29","IBB"
"1319","2023-09-12","Gleyber Torres",113,"---",".74","SO"
"1320","2023-09-12","Gavin Sheets",99,"123","3.07","SO"
"1323","2023-09-13","Luis Arráez",128,"---",".72","Out"
"1324","2023-09-13","J.D. Martinez",117,"---",".10","Out"
"1325","2023-09-13","Austin Slater",121,"-2-","1.04","Out"
"1326","2023-09-13","CJ Abrams",75,"---",".94","SO"
"1327","2023-09-13","Liover Peguero",144,"---",".35","1B"
"1329","2023-09-14","Rafael Devers",141,"---",".87","1B"
"1332","2023-09-14","Christian Walker",125,"---",".73","Out"
"1333","2023-09-15","Gabriel Moreno",112,"---",".01","SO"
"1334","2023-09-15","Kris Bryant",128,"-2-","1.99","Out"
"1335","2023-09-14","Alex Verdugo",102,"---",".34","BB"
"1336","2023-09-14","Aaron Judge",210,"12-","3.51","2B"
"1338","2023-09-15","Lane Thomas",102,"---",".87","Out"
"1339","2023-09-15","Brent Rooker",11,"-2-","1.47","1B"
"1344","2023-09-16","Tyler Nevin",64,"---",".21","Out"
"1345","2023-09-16","Carlos Correa",138,"1-3","3.98","SO"
"1346","2023-09-16","William Contreras",136,"---",".42","2B"
"1347","2023-09-16","Dominic Smith",62,"1-3","1.14","1B"
"1348","2023-09-16","Nick Allen",61,"---",".72","1B"
"1349","2023-09-16","Cal Raleigh",122,"1--","1.16","BB"
"1350","2023-09-16","Nolan Jones",96,"12-","2.08","BB"
"1351","2023-09-16","Willson Contreras",126,"---",".64","Out"
"1352","2023-09-16","Brandon Marsh",91,"---",".05","1B"
"1353","2023-09-17","Christian Bethancourt",100,"---",".87","Out"
"1355","2023-09-17","Zack Short",-50,"1--",".51","Out"
"1356","2023-09-17","Royce Lewis",143,"1--","1.15","Out"
"1359","2023-09-17","Matt Olson",120,"-2-","1.27","BB"
"1361","2023-09-17","Lars Nootbaar",124,"---",".27","SO"
"1362","2023-09-18","Alex Bregman",134,"---",".87","2B"
"1363","2023-09-18","José Altuve",161,"1--","1.00","SO"
"1364","2023-09-17","Bo Bichette",128,"---",".59","Out"
"1367","2023-09-18","Keibert Ruiz",94,"-2-","1.20","Out"
"1368","2023-09-18","Corey Seager",117,"---","1.76","Out"
"1370","2023-09-19","Nick Castellanos",96,"---",".13","Out"
"1371","2023-09-19","Jason Heyward",56,"---","1.18","Out"
"1372","2023-09-19","Kyle Schwarber",131,"---",".08","Out"
"1373","2023-09-19","Brendan Rodgers",97,"---","1.34","Out"
"1374","2023-09-19","Mike Ford",77,"-2-",".95","Out"
"1375","2023-09-19","Jon Berti",88,"---",".68","SO"
"1376","2023-09-19","Giancarlo Stanton",112,"1--",".16","SO"
"1377","2023-09-20","Adley Rutschman",131,"12-","2.02","SO"
"1378","2023-09-20","Luke Maile",82,"---",".99","BB"
"1379","2023-09-19","Adam Duvall",86,"---","1.48","Out"
"1380","2023-09-19","CJ Abrams",75,"---",".72","SO"
"1381","2023-09-20","George Springer",132,"---",".71","Out"
"1383","2023-09-20","William Contreras",136,"---",".87","Out"
"1386","2023-09-20","Lane Thomas",102,"1--",".00","BB"
"1387","2023-09-20","Manuel Margot",104,"---",".21","1B"
"1389","2023-09-22","Miles Mastrobuoni",26,"---",".01","SO"
"1390","2023-09-22","Carlos Santana",100,"-2-",".00","Out"
"1391","2023-09-22","Joc Pederson",146,"-2-",".99","SO"
"1392","2023-09-22","Will Smith",124,"123","3.99","1B"
"1393","2023-09-22","Christian Yelich",109,"-2-",".12","2B"
"1394","2023-09-22","Mike Yastrzemski",97,"-2-","1.47","Out"
"1396","2023-09-22","J.D. Davis",116,"---",".36","Out"
"1397","2023-09-22","Max Kepler",92,"123","1.30","SO"
"1398","2023-09-22","Manny Machado",157,"---",".59","1B"
"1399","2023-09-22","Bo Bichette",128,"---",".35","Out"
"1400","2023-09-22","Jonah Heim",96,"-2-",".99","Out"
"1401","2023-09-23","Jake Fraley",121,"1--","3.55","2B"
"1403","2023-09-22","Lane Thomas",102,"---",".76","1B"
"1404","2023-09-23","Seiya Suzuki",113,"12-","1.90","Out"
"1405","2023-09-23","Willy Adames",110,"1--",".79","Out"
"1406","2023-09-23","Jazz Chisholm Jr.",138,"1--",".72","SO"
"1407","2023-09-23","Bryce Harper",146,"---",".40","SO"
"1408","2023-09-23","David Peralta",108,"1-3",".30","Out"
"1409","2023-09-24","Ian Happ",117,"---","1.34","HBP"
"1410","2023-09-24","Pablo Reyes",67,"12-","1.77","Out"
"1411","2023-09-24","Bobby Witt Jr.",102,"---",".35","Out"
"1412","2023-09-23","Ty France",125,"---",".93","Out"
"1413","2023-09-24","Tyrone Taylor",102,"---",".17","SO"
"1414","2023-09-24","Estevan Florial",-11,"-23",".23","Out"
"1415","2023-09-24","Estevan Florial",-11,"---","1.05","SO"
"1417","2023-09-24","Keibert Ruiz",94,"---",".21","HR"
"1418","2023-09-24","Taylor Walls",62,"1--","2.35","Out"
"1419","2023-09-24","Matt Chapman",116,"---",".91","SO"
"1420","2023-09-24","Leody Taveras",92,"---",".46","1B"
"1421","2023-09-26","Josh Lowe",82,"---",".33","SO"
"1422","2023-09-26","Alek Thomas",75,"123","2.44","3B"
"1423","2023-09-26","Dansby Swanson",114,"12-","1.51","3B"
"1425","2023-09-26","J.T. Realmuto",130,"---",".92","SO"
"1426","2023-09-26","Alex Bregman",134,"1-3",".43","1B"
"1428","2023-09-26","DJ LeMahieu",110,"---","1.34","1B"
"1429","2023-09-26","James Outman",289,"1-3","1.66","Out"
"1430","2023-09-27","Cedric Mullins",107,"123","1.11","SO"
"1431","2023-09-27","Jo Adell",78,"---",".72","Out"
"1432","2023-09-27","Austin Hays",105,"-2-",".37","Out"
"1433","2023-09-27","Max Muncy",100,"1--","1.05","Out"
"1434","2023-09-27","Spencer Torkelson",74,"---",".20","BB"
"1435","2023-09-27","Elvis Andrus",104,"1--","1.47","SO"
"1436","2023-09-27","Garrett Stubbs",129,"123","2.17","Out"
"1437","2023-09-27","Bryan De La Cruz",102,"---",".68","1B"
"1438","2023-09-27","Josh Bell",127,"---",".57","BB"
"1439","2023-09-28","Austin Hays",105,"-2-",".73","2B"
"1441","2023-09-28","William Contreras",136,"12-","1.22","BB"
"1443","2023-09-28","Ji Hwan Bae",137,"1--",".67","Out"
"1444","2023-09-28","Matt Wallner",103,"12-","3.12","HBP"
"1445","2023-09-28","George Springer",132,"---",".44","Out"
"1449","2023-09-29","Marcus Semien",106,"---",".03","SO"
"1450","2023-09-29","Max Kepler",92,"1--","2.04","1B"
"1452","2023-09-29","Donovan Solano",99,"-2-","1.11","HR"
"1454","2023-09-30","Lane Thomas",102,"---",".87","1B"
"1455","2023-09-29","Jonathan India",94,"---",".15","1B"
"1456","2023-09-30","Mike Moustakas",76,"1--","2.56","2B"
"1457","2023-09-30","Willi Castro",86,"1--",".00","HR"
"1458","2023-09-30","Rafael Devers",141,"---",".23","1B"
"1459","2023-09-30","Cody Bellinger",81,"1--","1.28","BB"
"1462","2023-09-30","Austin Slater",121,"---",".58","Out"
"1464","2023-10-01","Jo Adell",78,"---",".37","Out"
"1465","2023-10-01","Jordan Luplow",79,"-23","6.35","HBP"
"1466","2023-10-01","Brendan Rodgers",97,"---","2.35","Out"
"1468","2023-10-01","Eddie Rosario",62,"-2-","4.94","SO"
"1471","2023-10-01","Liover Peguero",144,"---","1.51","SO"
"1472","2023-10-01","Freddie Freeman",156,"1--","1.59","Out"
